10448144661	QURANI-FINAL-v1.0.1-R2-1	327533659	2026-09-16T13:38:06Z	false	35100431525
10448044347	qurani-v101-r2-build-1	216078031	2026-09-16T13:32:50Z	false	35100431525
10446944025	qurani-source-export	40115	2026-09-16T12:53:25Z	false	35098463774
10431745123	qurani-emulator-verification-2	1103	2026-09-16T04:56:03Z	false	35056671916
10431737556	qurani-emulator-verification-5	600211	2026-09-16T05:17:22Z	false	35058702349
10431491346	qurani-emulator-verification-3	90919	2026-09-16T05:08:16Z	false	35057607149
10430879424	qurani-emulator-verification-4	1331	2026-09-16T05:13:23Z	false	35058459358
10430458171	qurani-final-build-1	215382629	2026-09-16T04:28:06Z	false	35054424274
10429648883	qurani-production-v2-5	110347597	2026-09-16T03:57:41Z	false	35052502128
10429281597	qurani-production-v2-4	6650	2026-09-16T03:32:02Z	false	35050921262
10428460314	qurani-production-v2-2	2409	2026-09-16T02:36:03Z	false	35048462159
10428372906	qurani-production-v2-3	2404	2026-09-16T03:11:04Z	false	35050722014
9252589566	Captain-Mostafa-Gym-Android-APK-v1.0.3	33583284	2026-08-15T20:31:15Z	true	31906213509
9252551447	android-candidate-v1.0.3	33563163	2026-08-15T20:27:59Z	true	31906213509
9252355171	Captain-Mostafa-Gym-Android-APK-v1.0.3	33878490	2026-08-15T20:11:44Z	true	31905326418
9252309563	android-candidate-v1.0.3	33563136	2026-08-15T20:08:16Z	true	31905326418
9251787264	Captain-Mostafa-Gym-Android-APK-v1.0.2	33561010	2026-08-15T19:23:29Z	true	31903075956
9251759113	android-candidate-v1.0.2	33560751	2026-08-15T19:21:04Z	true	31903075956
9250550453	Captain-Mostafa-Gym-Android-APK-v1.0.1	33597268	2026-08-15T17:39:46Z	true	31898358923
9249605415	Captain-Mostafa-Gym-Android-APK-v1.0.0	33595328	2026-08-15T16:20:05Z	true	31894677069
9249357754	Captain-Mostafa-Gym-Android-APK-v1.0.0	46981095	2026-08-15T15:59:49Z	true	31893747758
9246447474	Captain-Mostafa-Gym-Windows-Installer-v1.1.2	113335275	2026-08-15T11:43:39Z	true	31882608003
9148802141	Captain-Mostafa-Gym-Windows-Installer-v1.1.2	113333718	2026-08-12T15:56:11Z	true	31614633977
9144134970	Captain-Mostafa-Gym-Windows-Installer-v1.1.2	113330280	2026-08-12T13:51:18Z	true	31603240071
9143189133	Captain-Mostafa-Gym-Windows-Installer-v1.1.1	113328229	2026-08-12T13:25:07Z	true	31600954126
9121119823	Captain-Mostafa-Gym-Windows-Installer-v1.1.0	113324431	2026-08-11T22:24:32Z	true	31541984694
9120232801	Captain-Mostafa-Gym-Windows-Installer-v1.0.2	113317089	2026-08-11T21:52:06Z	true	31539480878
9119651967	Captain-Mostafa-Gym-Windows-Installer-v1.0.1	113314870	2026-08-11T21:31:51Z	true	31538033947
9119480784	Captain-Mostafa-Gym-Windows-Installer	113314876	2026-08-11T21:26:14Z	true	31537567717
9118907404	Captain-Mostafa-Gym-Windows-Installer	113314130	2026-08-11T21:07:45Z	true	31536150126
